Gene	Entrez	Cell group	FDR	Associated	Influence score	Influence score rank	In SFARI
MATN1	4146	1	0.0554818610894805	True	0.17411477864558117	1.0	False
CBX6	23466	1	0.0554818610894805	True	0.12587458446789843	2.0	False
SOST	50964	1	0.0554818610894805	True	0.12256454095724462	3.0	False
CELSR3	1951	1	0.0554818610894805	True	0.11447739517032186	4.0	False
TTC9B	148014	1	0.0554818610894805	True	0.10296085866807964	5.0	False
ACKR1	2532	1	0.0554818610894805	True	0.09637855731621602	6.0	False
SLC35D3	340146	1	0.0554818610894805	True	0.09522760770670259	7.0	False
VWC2L	402117	1	0.0554818610894805	True	0.0920742981443076	8.0	False
NXPH4	11247	1	0.0554818610894805	True	0.09160700206660104	9.0	False
RPH3A	22895	1	0.0554818610894805	True	0.08664747838378295	10.0	True
GNG13	51764	1	0.0554818610894805	True	0.08380229226865184	11.0	False
JAKMIP3	282973	1	0.0554818610894805	True	0.08317318158607516	12.0	False
SEMA6C	10500	1	0.0554818610894805	True	0.08020591008784962	13.0	False
RTBDN	83546	1	0.0554818610894805	True	0.07698885834200528	14.0	False
DEFB136	613210	1	0.0554818610894805	True	0.0767942694513929	15.0	False
SLC1A7	6512	1	0.0554818610894805	True	0.07616136457593184	16.0	False
MYBPH	4608	1	0.0554818610894805	True	0.07424599709236147	17.0	False
NCAN	1463	1	0.0554818610894805	True	0.07228518829252112	18.0	False
NEFH	4744	1	0.0554818610894805	True	0.06959296871333642	19.0	False
CPLX1	10815	1	0.0554818610894805	True	0.06854322629932408	20.0	False
MRGPRE	116534	1	0.0554818610894805	True	0.0669186664282323	21.0	False
SEPTIN3	55964	1	0.0554818610894805	True	0.06308656090496648	22.0	False
NOG	9241	1	0.0554818610894805	True	0.062426466565091834	23.0	False
KNDC1	85442	1	0.0554818610894805	True	0.062132495255983224	24.0	False
SCN9A	6335	1	0.0554818610894805	True	0.06155901521691932	25.0	True
MYL1	4632	1	0.0554818610894805	True	0.060220792132689	26.0	False
HTR1B	3351	1	0.0554818610894805	True	0.05946696987469496	27.0	True
NPTXR	23467	1	0.0554818610894805	True	0.05895627054488158	28.0	False
C3orf80	401097	1	0.0554818610894805	True	0.05624018143087376	29.0	False
TRIM67	440730	1	0.0554818610894805	True	0.054631762357318446	30.0	False
GLDN	342035	1	0.0554818610894805	True	0.054287604903474986	31.0	False
CHRNA5	1138	1	0.0554818610894805	True	0.05393485010954592	32.0	False
PCDH10	57575	1	0.0554818610894805	True	0.05192797312799699	33.0	True
FRRS1L	23732	1	0.0554818610894805	True	0.050876729702347835	34.0	False
LHFPL5	222662	1	0.0554818610894805	True	0.049683990273459745	35.0	False
LINGO3	645191	1	0.0554818610894805	True	0.04951618187662442	36.0	False
ARSI	340075	1	0.0554818610894805	True	0.0493042947610215	37.0	False
TCERG1L	256536	1	0.0554818610894805	True	0.04676458158938126	38.0	False
NYAP2	57624	1	0.0554818610894805	True	0.04656502492987414	39.0	False
VGLL3	389136	1	0.0554818610894805	True	0.046483578839986224	40.0	False
PAQR9	344838	1	0.0554818610894805	True	0.04578619838137752	41.0	False
HTR3A	3359	1	0.0554818610894805	True	0.04541130662726285	42.0	True
PANX2	56666	1	0.0554818610894805	True	0.04467603902462568	43.0	False
PATE1	160065	1	0.0554818610894805	True	0.04449080824523141	44.0	False
NAT8L	339983	1	0.0554818610894805	True	0.042784999820120045	45.0	False
DNAJC6	9829	1	0.0554818610894805	True	0.04170791351966685	46.0	False
NT5DC2	64943	1	0.0554818610894805	True	0.04045737742789281	47.0	False
CADM3	57863	1	0.0554818610894805	True	0.04023306965724483	48.0	False
YPEL4	219539	1	0.0554818610894805	True	0.04004804395703074	49.0	False
ASPHD2	57168	1	0.0554818610894805	True	0.03992156770895723	50.0	False
CYSLTR2	57105	1	0.0554818610894805	True	0.03938431806545632	51.0	False
GABBR2	9568	1	0.0554818610894805	True	0.038438683682111834	52.0	True
CLGN	1047	1	0.0554818610894805	True	0.03840154938214859	53.0	False
ISLR2	57611	1	0.0554818610894805	True	0.03820069967381074	54.0	False
MMP24	10893	1	0.0554818610894805	True	0.037451236724799344	55.0	False
HS3ST2	9956	1	0.0554818610894805	True	0.03684550910586726	56.0	False
CYP46A1	10858	1	0.0554818610894805	True	0.03655885038253908	57.0	False
SLCO4C1	353189	1	0.0554818610894805	True	0.035608997218165454	58.0	False
SLC5A7	60482	1	0.0554818610894805	True	0.034253218171165875	59.0	False
SYNGR3	9143	1	0.0554818610894805	True	0.03409955866897028	60.0	False
MAPK11	5600	1	0.0554818610894805	True	0.03367207139692301	61.0	False
GPR85	54329	1	0.0554818610894805	True	0.03324518504324544	62.0	True
DPYSL4	10570	1	0.0554818610894805	True	0.03291966635306895	63.0	False
FSCN1	6624	1	0.0554818610894805	True	0.03240715573879601	64.0	False
CHI3L1	1116	1	0.0554818610894805	True	0.032349293260492705	65.0	False
SLC45A1	50651	1	0.0554818610894805	True	0.032097747824016636	66.0	True
FAM20C	56975	1	0.0554818610894805	True	0.03204371417967714	67.0	False
CRYBB2	1415	1	0.0554818610894805	True	0.03203709651180827	68.0	False
TACR1	6869	1	0.0554818610894805	True	0.03157574821786425	69.0	False
CNTFR	1271	1	0.0554818610894805	True	0.03059938929393563	70.0	False
FBXO41	150726	1	0.0554818610894805	True	0.030577291994026545	71.0	False
SRSF12	135295	1	0.0554818610894805	True	0.029956238637761246	72.0	False
STMN4	81551	1	0.0554818610894805	True	0.029814898341869907	73.0	False
CHST14	113189	1	0.0554818610894805	True	0.029519229422201535	74.0	False
TEX47	219557	1	0.0554818610894805	True	0.029405366012807126	75.0	False
OLFM2	93145	1	0.0554818610894805	True	0.029335776758585744	76.0	False
DISP2	85455	1	0.0554818610894805	True	0.02864599543673027	77.0	False
SCRN1	9805	1	0.0554818610894805	True	0.028598203654512943	78.0	False
CASKIN1	57524	1	0.0554818610894805	True	0.02821863240398949	79.0	True
NICN1	84276	1	0.0554818610894805	True	0.028077609430458787	80.0	False
NDN	4692	1	0.0554818610894805	True	0.027823653686196353	81.0	False
PCNX2	80003	1	0.0554818610894805	True	0.027726327669266405	82.0	False
DISP3	57540	1	0.0554818610894805	True	0.02754548556851856	83.0	False
FAM171B	165215	1	0.0554818610894805	True	0.027202753264108367	84.0	False
S1PR5	53637	1	0.0554818610894805	True	0.02718629262959582	85.0	False
SHD	56961	1	0.0554818610894805	True	0.027051663538461165	86.0	False
HJV	148738	1	0.0554818610894805	True	0.02704571653756917	87.0	False
PDCL2	132954	1	0.0554818610894805	True	0.026861599036024218	88.0	False
PRRT2	112476	1	0.0554818610894805	True	0.02621897194828961	89.0	False
MAP1A	4130	1	0.0554818610894805	True	0.02602115595261894	90.0	True
TMEM151A	256472	1	0.0554818610894805	True	0.025836257114695043	91.0	False
BEND4	389206	1	0.0554818610894805	True	0.02569840003540636	92.0	False
ANKRD34A	284615	1	0.0554818610894805	True	0.025278446053881794	93.0	False
TUB	7275	1	0.0554818610894805	True	0.02455761541271257	94.0	False
DLEU7	220107	1	0.0554818610894805	True	0.02450091594195156	95.0	False
HCN1	348980	1	0.0554818610894805	True	0.02415416582524647	96.0	True
NTRK3	4916	1	0.0554818610894805	True	0.024054461632915206	97.0	True
SERPINE2	5270	1	0.0554818610894805	True	0.02394620363271794	98.0	False
CXXC4	80319	1	0.0554818610894805	True	0.023766180597629194	99.0	False
NMUR2	56923	1	0.0554818610894805	True	0.023616685715942314	100.0	False
KCNB1	3745	1	0.0554818610894805	True	0.02361316548490165	101.0	True
DUSP26	78986	1	0.0554818610894805	True	0.02337812695252674	102.0	False
CHRNA3	1136	1	0.0554818610894805	True	0.02296099703592765	103.0	False
CDH2	1000	1	0.0554818610894805	True	0.022945432711133154	104.0	True
ZNF365	22891	1	0.0554818610894805	True	0.022843797498619426	105.0	False
DZANK1	55184	1	0.0554818610894805	True	0.02279881240071745	106.0	False
CNTN2	6900	1	0.0554818610894805	True	0.022565388912893884	107.0	False
CIB2	10518	1	0.0554818610894805	True	0.022460976127462295	108.0	True
VWA7	80737	1	0.0554818610894805	True	0.022414566419993627	109.0	True
CNTNAP5	129684	1	0.0554818610894805	True	0.022351498798879658	110.0	True
VGF	7425	1	0.0554818610894805	True	0.022271610743434922	111.0	False
PROKR2	128674	1	0.0554818610894805	True	0.02224533579257965	112.0	False
MTCL3	387104	1	0.0554818610894805	True	0.021877601008243618	113.0	False
SV2A	9900	1	0.0554818610894805	True	0.021571039111524973	114.0	False
CALHM5	254228	1	0.0554818610894805	True	0.021569252376679355	115.0	False
STK32C	282974	1	0.0554818610894805	True	0.021408497066179415	116.0	False
STXBP5L	9515	1	0.0554818610894805	True	0.021333003695775805	117.0	False
SLITRK3	22865	1	0.0554818610894805	True	0.021236005967402098	118.0	False
RASL10B	91608	1	0.0554818610894805	True	0.021071466270432753	119.0	False
SCGN	10590	1	0.0554818610894805	True	0.020951336102639162	120.0	True
MEX3D	399664	1	0.0554818610894805	True	0.0209187794191685	121.0	False
ATP8B3	148229	1	0.0554818610894805	True	0.020900204917023518	122.0	False
KIF26A	26153	1	0.0554818610894805	True	0.020808532216659598	123.0	False
VPS37D	155382	1	0.0554818610894805	True	0.020746241215887154	124.0	False
JPH4	84502	1	0.0554818610894805	True	0.020734026188898684	125.0	False
RNF112	7732	1	0.0554818610894805	True	0.02055659546602214	126.0	False
P4HTM	54681	1	0.0554818610894805	True	0.02041528866052799	127.0	False
SRRM4	84530	1	0.0554818610894805	True	0.02028355799832511	128.0	False
FAM171A2	284069	1	0.0554818610894805	True	0.020111670631566155	129.0	False
SEMA4F	10505	1	0.0554818610894805	True	0.01998284657707371	130.0	False
GPC1	2817	1	0.0554818610894805	True	0.019916909666351592	131.0	False
ARHGEF25	115557	1	0.0554818610894805	True	0.01964149000501247	132.0	False
CBARP	255057	1	0.0554818610894805	True	0.019383454209792757	133.0	False
VASH1	22846	1	0.0554818610894805	True	0.01933006597674485	134.0	True
SLC41A3	54946	1	0.0554818610894805	True	0.019132218685654886	135.0	False
SCN2A	6326	1	0.0554818610894805	True	0.01909156339461735	136.0	True
SAPCD1	401251	1	0.0554818610894805	True	0.019035118968683467	137.0	False
GPR63	81491	1	0.0554818610894805	True	0.018994459055442888	138.0	False
FHOD3	80206	1	0.0554818610894805	True	0.01892657054914657	139.0	False
CHRM4	1132	1	0.0554818610894805	True	0.018794539301572127	140.0	False
AVIL	10677	1	0.0554818610894805	True	0.01866001529337004	141.0	False
ELFN2	114794	1	0.0554818610894805	True	0.018627044057298186	142.0	False
CNR1	1268	1	0.0554818610894805	True	0.01832006682326193	143.0	True
ELAVL2	1993	1	0.0554818610894805	True	0.018212491858974243	144.0	True
CDH8	1006	1	0.0554818610894805	True	0.018117580623052618	145.0	True
TMEM14A	28978	1	0.0554818610894805	True	0.01810118169373907	146.0	False
ENHO	375704	1	0.0554818610894805	True	0.017897292326269715	147.0	False
CACNG7	59284	1	0.0554818610894805	True	0.017869486356041357	148.0	False
SYNGR1	9145	1	0.0554818610894805	True	0.017859965994803682	149.0	False
NCS1	23413	1	0.0554818610894805	True	0.01778943660841403	150.0	False
GNG4	2786	1	0.0554818610894805	True	0.01749171915390798	151.0	False
EMB	133418	1	0.0554818610894805	True	0.017411868740889035	152.0	False
MAPK8IP2	23542	1	0.0554818610894805	True	0.017237978686853353	153.0	False
MYRF	745	1	0.0554818610894805	True	0.017131019561177862	154.0	False
KCNT2	343450	1	0.0554818610894805	True	0.017036035383783798	155.0	False
TPGS2	25941	1	0.0554818610894805	True	0.017035338886077268	156.0	False
CCNE1	898	1	0.0554818610894805	True	0.01698073129574555	157.0	False
VASN	114990	1	0.0554818610894805	True	0.016892122959075294	158.0	False
B3GAT1	27087	1	0.0554818610894805	True	0.016876052311660124	159.0	False
PCDHA1	56147	1	0.0554818610894805	True	0.016609356562492378	160.0	True
DLG4	1742	1	0.0554818610894805	True	0.016542282262875324	161.0	True
FAM131A	131408	1	0.0554818610894805	True	0.01643630752202222	162.0	False
ASTN1	460	1	0.0554818610894805	True	0.016391048496981697	163.0	False
GPR26	2849	2	0.2197922538178101	False	0.284977541263254	1.0	False
VWC2L	402117	2	0.2197922538178101	False	0.20231318021938197	2.0	False
KCNA5	3741	2	0.2197922538178101	False	0.19805623326181127	3.0	False
ACKR1	2532	2	0.2197922538178101	False	0.13044535119489867	4.0	False
ADGRA1	84435	2	0.2197922538178101	False	0.11775394223433279	5.0	False
ANKRD34A	284615	2	0.2197922538178101	False	0.10088784501912829	6.0	False
C11orf87	399947	2	0.2197922538178101	False	0.09122151122058839	7.0	False
SYT10	341359	2	0.2197922538178101	False	0.08896503229280942	8.0	False
PLCZ1	89869	2	0.2197922538178101	False	0.08524242150863842	9.0	False
MATN1	4146	2	0.2197922538178101	False	0.08351302544542603	10.0	False
TMEM200C	645369	2	0.2197922538178101	False	0.08347232329385368	11.0	False
RTBDN	83546	2	0.2197922538178101	False	0.08032819570188249	12.0	False
DNAH1	25981	2	0.2197922538178101	False	0.07885765550616206	13.0	False
CAMKV	79012	2	0.2197922538178101	False	0.07608891845906317	14.0	False
CELSR3	1951	2	0.2197922538178101	False	0.07538967403734342	15.0	False
TRAM1L1	133022	2	0.2197922538178101	False	0.07462053698620974	16.0	False
GML	2765	2	0.2197922538178101	False	0.06575947953193699	17.0	False
NPTXR	23467	2	0.2197922538178101	False	0.06475600061572104	18.0	False
ANKRD34C	390616	2	0.2197922538178101	False	0.063170748159188	19.0	False
PLAAT1	57110	2	0.2197922538178101	False	0.05303967086780082	20.0	False
PAQR9	344838	2	0.2197922538178101	False	0.052510379288890324	21.0	False
SCN9A	6335	2	0.2197922538178101	False	0.0524290158878631	22.0	True
OLFM2	93145	2	0.2197922538178101	False	0.051059790237140704	23.0	False
ISLR2	57611	2	0.2197922538178101	False	0.05028047310343422	24.0	False
COLQ	8292	2	0.2197922538178101	False	0.05008245231867422	25.0	False
CHRNA5	1138	2	0.2197922538178101	False	0.0493914837587246	26.0	False
KCNJ1	3758	2	0.2197922538178101	False	0.04931836440670946	27.0	False
LINGO3	645191	2	0.2197922538178101	False	0.04761668180042965	28.0	False
MRGPRE	116534	2	0.2197922538178101	False	0.04570616661633595	29.0	False
SEPTIN3	55964	2	0.2197922538178101	False	0.04515736018270776	30.0	False
JAKMIP3	282973	2	0.2197922538178101	False	0.045006308662854	31.0	False
CPLX1	10815	2	0.2197922538178101	False	0.04499662849505039	32.0	False
DNAJC6	9829	2	0.2197922538178101	False	0.04455624903018205	33.0	False
TTC9B	148014	2	0.2197922538178101	False	0.04334579176547798	34.0	False
LHFPL5	222662	2	0.2197922538178101	False	0.042713799514254844	35.0	False
VWA5B1	127731	2	0.2197922538178101	False	0.040441286956423704	36.0	False
AGAP2	116986	2	0.2197922538178101	False	0.04014756885079959	37.0	True
GPR176	11245	2	0.2197922538178101	False	0.039591745431683714	38.0	False
ZNF365	22891	2	0.2197922538178101	False	0.036848613110127326	39.0	False
TRANK1	9881	2	0.2197922538178101	False	0.03666947319726409	40.0	False
CDH7	1005	2	0.2197922538178101	False	0.036667596244539725	41.0	False
CADM3	57863	2	0.2197922538178101	False	0.036494005385614606	42.0	False
FAM20C	56975	2	0.2197922538178101	False	0.035842302858445814	43.0	False
PRRT2	112476	2	0.2197922538178101	False	0.035364977419793706	44.0	False
TGM7	116179	2	0.2197922538178101	False	0.03535030946599739	45.0	False
RAD51AP2	729475	2	0.2197922538178101	False	0.0353136429900164	46.0	False
MMP24	10893	2	0.2197922538178101	False	0.034755738107588766	47.0	False
TRIM67	440730	2	0.2197922538178101	False	0.034685959095167834	48.0	False
PGR	5241	2	0.2197922538178101	False	0.03464901312138406	49.0	False
DISP3	57540	2	0.2197922538178101	False	0.033177479913144806	50.0	False
ACR	49	2	0.2197922538178101	False	0.0329923387507113	51.0	False
CACNG8	59283	2	0.2197922538178101	False	0.03293755490902652	52.0	False
SPINK8	646424	2	0.2197922538178101	False	0.03273340107898438	53.0	False
ASPHD2	57168	2	0.2197922538178101	False	0.032534623605051	54.0	False
LRRC55	219527	2	0.2197922538178101	False	0.03243026412464056	55.0	False
STRA6	64220	2	0.2197922538178101	False	0.03056083738989542	56.0	False
SLC5A7	60482	2	0.2197922538178101	False	0.030394079456929325	57.0	False
SCRN1	9805	2	0.2197922538178101	False	0.029560876055782753	58.0	False
MYL1	4632	2	0.2197922538178101	False	0.028819834214678132	59.0	False
LHX3	8022	2	0.2197922538178101	False	0.028732787691661044	60.0	False
KCNG4	93107	2	0.2197922538178101	False	0.028417205131903996	61.0	False
SRSF12	135295	2	0.2197922538178101	False	0.028224658413866746	62.0	False
CACNG5	27091	2	0.2197922538178101	False	0.02806466296432402	63.0	False
ABCA9	10350	2	0.2197922538178101	False	0.028004232358087133	64.0	False
STK32C	282974	2	0.2197922538178101	False	0.027763575660533925	65.0	False
CYP46A1	10858	2	0.2197922538178101	False	0.02723519756224715	66.0	False
MGAT5B	146664	2	0.2197922538178101	False	0.02690015013924933	67.0	False
CACNA1I	8911	2	0.2197922538178101	False	0.026833625117507916	68.0	True
WNT16	51384	2	0.2197922538178101	False	0.026784015393684357	69.0	False
PANX2	56666	2	0.2197922538178101	False	0.026288495329773207	70.0	False
DOC2B	8447	2	0.2197922538178101	False	0.025979597993884287	71.0	False
ZKSCAN2	342357	2	0.2197922538178101	False	0.025954034170459266	72.0	False
LRFN5	145581	2	0.2197922538178101	False	0.02523118695461368	73.0	True
CASKIN1	57524	2	0.2197922538178101	False	0.025229428163562037	74.0	True
IL17B	27190	2	0.2197922538178101	False	0.025225394760310535	75.0	False
DISP2	85455	2	0.2197922538178101	False	0.025191082428424508	76.0	False
RASL10B	91608	2	0.2197922538178101	False	0.02498898961063539	77.0	False
SYNGR3	9143	2	0.2197922538178101	False	0.0246963326877259	78.0	False
SEMA6C	10500	2	0.2197922538178101	False	0.02450544023310673	79.0	False
PTGIR	5739	2	0.2197922538178101	False	0.0239836610097734	80.0	False
NYAP2	57624	2	0.2197922538178101	False	0.023903004306442637	81.0	False
ERICH3	127254	2	0.2197922538178101	False	0.023577525706595284	82.0	False
SUSD5	26032	2	0.2197922538178101	False	0.023493787710414358	83.0	False
MOG	4340	2	0.2197922538178101	False	0.023475908940395862	84.0	False
NCAN	1463	2	0.2197922538178101	False	0.02344447566311246	85.0	False
NDN	4692	2	0.2197922538178101	False	0.023376364548148766	86.0	False
FBXO41	150726	2	0.2197922538178101	False	0.023225378926150946	87.0	False
FRRS1L	23732	2	0.2197922538178101	False	0.023155006833026553	88.0	False
CHRNA3	1136	2	0.2197922538178101	False	0.023118083582641384	89.0	False
STXBP5L	9515	2	0.2197922538178101	False	0.023045175558233225	90.0	False
FAM171B	165215	2	0.2197922538178101	False	0.02302267712127935	91.0	False
CLGN	1047	2	0.2197922538178101	False	0.022927906915078112	92.0	False
DEFB136	613210	2	0.2197922538178101	False	0.022440017368416852	93.0	False
VGF	7425	2	0.2197922538178101	False	0.02241426039610373	94.0	False
CNTN2	6900	2	0.2197922538178101	False	0.02193019292508699	95.0	False
CDH20	28316	2	0.2197922538178101	False	0.02189287201522632	96.0	False
WFDC1	58189	2	0.2197922538178101	False	0.020697532627610846	97.0	False
TCF15	6939	2	0.2197922538178101	False	0.020659418671139036	98.0	False
NEFH	4744	2	0.2197922538178101	False	0.02047502738085933	99.0	False
LY6H	4062	2	0.2197922538178101	False	0.020337184972611763	100.0	False
TMEM132E	124842	2	0.2197922538178101	False	0.020291783622208927	101.0	False
VSNL1	7447	2	0.2197922538178101	False	0.020263047612339345	102.0	False
CCDC85A	114800	2	0.2197922538178101	False	0.02017923235660318	103.0	False
GNG4	2786	2	0.2197922538178101	False	0.02009191315280289	104.0	False
MTCL3	387104	2	0.2197922538178101	False	0.01996529383112387	105.0	False
SHD	56961	2	0.2197922538178101	False	0.019946781078284438	106.0	False
SCGN	10590	2	0.2197922538178101	False	0.01982343619834368	107.0	True
SLC45A1	50651	2	0.2197922538178101	False	0.01979635672423204	108.0	True
CIB2	10518	2	0.2197922538178101	False	0.019667946798743337	109.0	True
CACNG7	59284	2	0.2197922538178101	False	0.019597967820414723	110.0	False
RXFP3	51289	2	0.2197922538178101	False	0.019585249534218294	111.0	False
MAPK11	5600	2	0.2197922538178101	False	0.019356299931623813	112.0	False
NAT8L	339983	2	0.2197922538178101	False	0.019342247781929563	113.0	False
STMN4	81551	2	0.2197922538178101	False	0.01933642377486838	114.0	False
KIF26A	26153	2	0.2197922538178101	False	0.019037211151462785	115.0	False
RASL10A	10633	2	0.2197922538178101	False	0.01903310503333576	116.0	False
JPH4	84502	2	0.2197922538178101	False	0.018946217574108873	117.0	False
KCNC1	3746	2	0.2197922538178101	False	0.01893072816945317	118.0	True
SLC41A3	54946	2	0.2197922538178101	False	0.018550900881004223	119.0	False
CNTNAP5	129684	2	0.2197922538178101	False	0.018517149817063615	120.0	True
ASTN1	460	2	0.2197922538178101	False	0.01851081453353393	121.0	False
PCNX2	80003	2	0.2197922538178101	False	0.01842172404081277	122.0	False
MAP1A	4130	2	0.2197922538178101	False	0.01806182971761576	123.0	True
CALB1	793	2	0.2197922538178101	False	0.018048205903985117	124.0	False
SCN2A	6326	2	0.2197922538178101	False	0.018021758140354557	125.0	True
SV2A	9900	2	0.2197922538178101	False	0.017892164325798796	126.0	False
CCNO	10309	2	0.2197922538178101	False	0.017854184437378726	127.0	False
KCNB1	3745	2	0.2197922538178101	False	0.017804981462390106	128.0	True
MINAR2	100127206	2	0.2197922538178101	False	0.017653357312891627	129.0	False
SLC24A2	25769	2	0.2197922538178101	False	0.017500536776456858	130.0	True
THSD7B	80731	2	0.2197922538178101	False	0.017378900696090823	131.0	False
INHA	3623	2	0.2197922538178101	False	0.017058712103437554	132.0	False
SRRM4	84530	2	0.2197922538178101	False	0.016945282578475912	133.0	False
FSCN1	6624	2	0.2197922538178101	False	0.016830502147467504	134.0	False
NMUR2	56923	2	0.2197922538178101	False	0.01669707716790778	135.0	False
TENM2	57451	2	0.2197922538178101	False	0.01660697434777899	136.0	False
GRID1	2894	2	0.2197922538178101	False	0.016562662584339024	137.0	True
FHOD3	80206	2	0.2197922538178101	False	0.01654394077623247	138.0	False
SPINK14	408187	3	0.0299895626641447	True	0.21204229955194465	1.0	False
CRHR1	1394	3	0.0299895626641447	True	0.1623472788407591	2.0	False
RTBDN	83546	3	0.0299895626641447	True	0.1619094141678168	3.0	False
PAQR9	344838	3	0.0299895626641447	True	0.12587300385875708	4.0	False
CDH7	1005	3	0.0299895626641447	True	0.11520106760510414	5.0	False
JAKMIP3	282973	3	0.0299895626641447	True	0.11417815895899339	6.0	False
LY6H	4062	3	0.0299895626641447	True	0.1033628965229361	7.0	False
SCN9A	6335	3	0.0299895626641447	True	0.08403646534459598	8.0	True
CELSR3	1951	3	0.0299895626641447	True	0.07695981241092825	9.0	False
DNAJC6	9829	3	0.0299895626641447	True	0.07521821725996916	10.0	False
ACKR1	2532	3	0.0299895626641447	True	0.07424787043446561	11.0	False
AGAP2	116986	3	0.0299895626641447	True	0.0696226552296741	12.0	True
EGR4	1961	3	0.0299895626641447	True	0.06549648240213381	13.0	False
SEPTIN3	55964	3	0.0299895626641447	True	0.0641099969153002	14.0	False
NCAN	1463	3	0.0299895626641447	True	0.061885702040192545	15.0	False
KNDC1	85442	3	0.0299895626641447	True	0.060991227823458775	16.0	False
SEMA6C	10500	3	0.0299895626641447	True	0.06090007312634732	17.0	False
DOC2A	8448	3	0.0299895626641447	True	0.06030821218849511	18.0	False
SLC1A7	6512	3	0.0299895626641447	True	0.05777314960538438	19.0	False
CACNG8	59283	3	0.0299895626641447	True	0.05584050849002059	20.0	False
KCNN2	3781	3	0.0299895626641447	True	0.05556805979271273	21.0	True
CALN1	83698	3	0.0299895626641447	True	0.0555429209603038	22.0	False
FRRS1L	23732	3	0.0299895626641447	True	0.053784801587396375	23.0	False
VWC2	375567	3	0.0299895626641447	True	0.05338809059333601	24.0	False
ASPHD2	57168	3	0.0299895626641447	True	0.053108538357480355	25.0	False
GRIK1	2897	3	0.0299895626641447	True	0.05253455418973402	26.0	False
YPEL4	219539	3	0.0299895626641447	True	0.052368974820264785	27.0	False
CADM3	57863	3	0.0299895626641447	True	0.05191704693337803	28.0	False
SLC45A1	50651	3	0.0299895626641447	True	0.05099200506701772	29.0	True
ERICH3	127254	3	0.0299895626641447	True	0.04968329134112058	30.0	False
CBX6	23466	3	0.0299895626641447	True	0.04856732498975381	31.0	False
CDH2	1000	3	0.0299895626641447	True	0.045765718121378945	32.0	True
STXBP5L	9515	3	0.0299895626641447	True	0.044784050961346564	33.0	False
TEX47	219557	3	0.0299895626641447	True	0.0426910018488766	34.0	False
PRRT2	112476	3	0.0299895626641447	True	0.042597001776492414	35.0	False
LRFN5	145581	3	0.0299895626641447	True	0.041814339882508135	36.0	True
SLC5A7	60482	3	0.0299895626641447	True	0.04140139500436054	37.0	False
PCNX2	80003	3	0.0299895626641447	True	0.03984709325372874	38.0	False
C14orf39	317761	3	0.0299895626641447	True	0.03914375530464745	39.0	False
MMP24	10893	3	0.0299895626641447	True	0.03878762244059763	40.0	False
RPH3A	22895	3	0.0299895626641447	True	0.038301325939032044	41.0	True
TRIM67	440730	3	0.0299895626641447	True	0.03818998259380669	42.0	False
ODF1	4956	3	0.0299895626641447	True	0.03806390531873925	43.0	False
NYAP2	57624	3	0.0299895626641447	True	0.037899583755976456	44.0	False
OLFM2	93145	3	0.0299895626641447	True	0.03775215658417026	45.0	False
CLGN	1047	3	0.0299895626641447	True	0.0373874553424611	46.0	False
PCDHA1	56147	3	0.0299895626641447	True	0.037105938930301334	47.0	True
SRSF12	135295	3	0.0299895626641447	True	0.036979218294448904	48.0	False
KCNA5	3741	3	0.0299895626641447	True	0.03588755531796112	49.0	False
TRAM1L1	133022	3	0.0299895626641447	True	0.035595538379354835	50.0	False
NOVA1	4857	3	0.0299895626641447	True	0.03514254232761121	51.0	False
FHOD3	80206	3	0.0299895626641447	True	0.03511591745871392	52.0	False
DCC	1630	3	0.0299895626641447	True	0.03353797943104581	53.0	True
MDGA1	266727	3	0.0299895626641447	True	0.03284348283665511	54.0	False
GPR176	11245	3	0.0299895626641447	True	0.032776631843998774	55.0	False
GABBR2	9568	3	0.0299895626641447	True	0.03198794883264978	56.0	True
VASH1	22846	3	0.0299895626641447	True	0.031856016556465576	57.0	True
CXXC4	80319	3	0.0299895626641447	True	0.031845576541226016	58.0	False
SRRM4	84530	3	0.0299895626641447	True	0.03179650745402645	59.0	False
GRIK4	2900	3	0.0299895626641447	True	0.03177704670856864	60.0	True
VPS37D	155382	3	0.0299895626641447	True	0.03156154517158257	61.0	False
BPIFB2	80341	3	0.0299895626641447	True	0.03088289603390861	62.0	False
MTCL3	387104	3	0.0299895626641447	True	0.03069267426306845	63.0	False
SYT6	148281	3	0.0299895626641447	True	0.030432415115956814	64.0	False
B3GAT1	27087	3	0.0299895626641447	True	0.030367973726769328	65.0	False
PANX2	56666	3	0.0299895626641447	True	0.030056062217520767	66.0	False
EMB	133418	3	0.0299895626641447	True	0.029961810575578972	67.0	False
SCN2A	6326	3	0.0299895626641447	True	0.029802783198989376	68.0	True
CHRNA3	1136	3	0.0299895626641447	True	0.029790004823767514	69.0	False
KCNB1	3745	3	0.0299895626641447	True	0.029590504078258435	70.0	True
CNR1	1268	3	0.0299895626641447	True	0.02923688990910827	71.0	True
ASTN1	460	3	0.0299895626641447	True	0.029101774520841752	72.0	False
ELAVL2	1993	3	0.0299895626641447	True	0.02891512708515495	73.0	True
CPLX1	10815	3	0.0299895626641447	True	0.02854241833572984	74.0	False
RNF112	7732	3	0.0299895626641447	True	0.028466504674266858	75.0	False
TRANK1	9881	3	0.0299895626641447	True	0.028307827825901234	76.0	False
PPFIA2	8499	3	0.0299895626641447	True	0.027671401295824252	77.0	False
RAD51AP2	729475	3	0.0299895626641447	True	0.027421203055211604	78.0	False
TMEM178B	100507421	3	0.0299895626641447	True	0.027219619405885714	79.0	False
FBXO41	150726	3	0.0299895626641447	True	0.02678401908214583	80.0	False
NTRK3	4916	3	0.0299895626641447	True	0.02673925322522238	81.0	True
TUB	7275	3	0.0299895626641447	True	0.026577458730503035	82.0	False
CACNG7	59284	3	0.0299895626641447	True	0.02655190940870084	83.0	False
HS3ST2	9956	3	0.0299895626641447	True	0.026276947094442817	84.0	False
RIMS1	22999	3	0.0299895626641447	True	0.026267852330232606	85.0	True
ROBO3	64221	3	0.0299895626641447	True	0.026204391373591127	86.0	False
ZKSCAN2	342357	3	0.0299895626641447	True	0.026174143310275563	87.0	False
FAM171B	165215	3	0.0299895626641447	True	0.026090202182133787	88.0	False
GRM7	2917	3	0.0299895626641447	True	0.02600063919273079	89.0	True
DISP3	57540	3	0.0299895626641447	True	0.025985498490576756	90.0	False
CASKIN1	57524	3	0.0299895626641447	True	0.025653178849280107	91.0	True
CADPS	8618	3	0.0299895626641447	True	0.025589362685570233	92.0	True
MDGA2	161357	3	0.0299895626641447	True	0.02553104334904031	93.0	True
DZANK1	55184	3	0.0299895626641447	True	0.025502627292922818	94.0	False
SYNGR3	9143	3	0.0299895626641447	True	0.025229597519459784	95.0	False
UNC5C	8633	3	0.0299895626641447	True	0.025209048555873154	96.0	False
NT5DC2	64943	3	0.0299895626641447	True	0.024883000923011146	97.0	False
P4HTM	54681	3	0.0299895626641447	True	0.024875163199588785	98.0	False
RET	5979	3	0.0299895626641447	True	0.02448566020396947	99.0	False
MAPK11	5600	3	0.0299895626641447	True	0.024360305497225437	100.0	False
GNG4	2786	3	0.0299895626641447	True	0.02434389672629818	101.0	False
DISP2	85455	3	0.0299895626641447	True	0.024081047157076485	102.0	False
DGKI	9162	3	0.0299895626641447	True	0.024057943145399545	103.0	True
LRRTM4	80059	3	0.0299895626641447	True	0.024003015469933147	104.0	False
KCNA10	3744	3	0.0299895626641447	True	0.02395912226087179	105.0	False
ZNF365	22891	3	0.0299895626641447	True	0.023848067835207355	106.0	False
CADM2	253559	3	0.0299895626641447	True	0.02382937456924971	107.0	True
PRIMA1	145270	3	0.0299895626641447	True	0.023793030146246473	108.0	False
KIAA1614	57710	3	0.0299895626641447	True	0.02378774535067331	109.0	False
SH3GL3	6457	3	0.0299895626641447	True	0.023391072857734202	110.0	False
VWC2L	402117	3	0.0299895626641447	True	0.02338083045986896	111.0	False
DDX25	29118	3	0.0299895626641447	True	0.022828162530915096	112.0	False
NRXN1	9378	3	0.0299895626641447	True	0.02273486011222057	113.0	True
PCDH15	65217	3	0.0299895626641447	True	0.022671149007516957	114.0	True
LHFPL5	222662	3	0.0299895626641447	True	0.022384354220130832	115.0	False
PCSK2	5126	3	0.0299895626641447	True	0.022323882854668	116.0	False
SUSD5	26032	3	0.0299895626641447	True	0.02230826694339525	117.0	False
VSNL1	7447	3	0.0299895626641447	True	0.022050394922979142	118.0	False
DLG4	1742	3	0.0299895626641447	True	0.02173990032394841	119.0	True
CHRNA5	1138	3	0.0299895626641447	True	0.02173751930462178	120.0	False
NPTXR	23467	3	0.0299895626641447	True	0.021344245339343974	121.0	False
ANKRD34A	284615	3	0.0299895626641447	True	0.02128456951794837	122.0	False
KCTD16	57528	3	0.0299895626641447	True	0.02117385188218911	123.0	False
ENOX1	55068	3	0.0299895626641447	True	0.02105112657721881	124.0	False
MRGPRE	116534	3	0.0299895626641447	True	0.020876841183256716	125.0	False
NDN	4692	3	0.0299895626641447	True	0.020514287959299955	126.0	False
JPH4	84502	3	0.0299895626641447	True	0.020384653979681495	127.0	False
TOGARAM2	165186	3	0.0299895626641447	True	0.020377844271639602	128.0	False
SV2A	9900	3	0.0299895626641447	True	0.020203152992227	129.0	False
CYP46A1	10858	3	0.0299895626641447	True	0.020030879289959773	130.0	False
SCRN1	9805	3	0.0299895626641447	True	0.019626580951088272	131.0	False
LRRC55	219527	3	0.0299895626641447	True	0.019536969954227608	132.0	False
SCG3	29106	3	0.0299895626641447	True	0.019506876988039688	133.0	False
CDH10	1008	3	0.0299895626641447	True	0.019280796701514454	134.0	True
SLITRK3	22865	3	0.0299895626641447	True	0.019259538614001214	135.0	False
ROBO1	6091	3	0.0299895626641447	True	0.019167778011505876	136.0	False
FSD1	79187	3	0.0299895626641447	True	0.018703391053799312	137.0	False
SHANK1	50944	3	0.0299895626641447	True	0.01852633581457197	138.0	True
DUSP26	78986	3	0.0299895626641447	True	0.01850880243622849	139.0	False
AHI1	54806	3	0.0299895626641447	True	0.01838058122984702	140.0	True
CRABP1	1381	3	0.0299895626641447	True	0.0183443473613512	141.0	False
CACNG4	27092	3	0.0299895626641447	True	0.018225202009409976	142.0	False
DMXL2	23312	3	0.0299895626641447	True	0.018167407352313536	143.0	True
MAP1A	4130	3	0.0299895626641447	True	0.018096273692190808	144.0	True
GABRB3	2562	3	0.0299895626641447	True	0.01783654230864407	145.0	True
CNTNAP5	129684	3	0.0299895626641447	True	0.01776655676271826	146.0	True
SLC24A2	25769	3	0.0299895626641447	True	0.017623820908966796	147.0	True
MYBPH	4608	3	0.0299895626641447	True	0.017462670838746867	148.0	False
TPGS2	25941	3	0.0299895626641447	True	0.017242076481458226	149.0	False
TRPC7	57113	3	0.0299895626641447	True	0.01712520657422994	150.0	False
KCNC4	3749	3	0.0299895626641447	True	0.017063927398418565	151.0	False
FAM131A	131408	3	0.0299895626641447	True	0.016684179778029756	152.0	False
RBFOX1	54715	3	0.0299895626641447	True	0.016626041996938533	153.0	True
BEND4	389206	3	0.0299895626641447	True	0.01644325972205874	154.0	False
CCDC85A	114800	3	0.0299895626641447	True	0.016441582982413442	155.0	False
GDAP1	54332	3	0.0299895626641447	True	0.016364561905640836	156.0	False
TCERG1L	256536	3	0.0299895626641447	True	0.01629826042392159	157.0	False
